
{
	"telemetry": {
		"eva_time": 3375,
		"eva1": {
			"batt_time_left": 5077.148926,
			"oxy_pri_storage": 23.755802,
			"oxy_sec_storage": 0.000000,
			"oxy_pri_pressure": 0.007917,
			"oxy_sec_pressure": 0.000000,
			"oxy_time_left": 2565,
			"heart_rate": 90.000000,
			"oxy_consumption": 0.102986,
			"co2_production": 0.104101,
			"suit_pressure_oxy": 3.072371,
			"suit_pressure_co2": 2.109255,
			"suit_pressure_other": 11.554200,
			"suit_pressure_total": 16.735825,
			"fan_pri_rpm": 0.000000,
			"fan_sec_rpm": 30001.000000,
			"helmet_pressure_co2": 1.958291,
			"scrubber_a_co2_storage": 0.000000,
			"scrubber_b_co2_storage": 100.095428,
			"temperature": 62.921089,
			"coolant_ml": 20.508068,
			"coolant_gas_pressure": 0.000000,
			"coolant_liquid_pressure": 99.260773
		},
		"eva2": {
			"batt_time_left": 3384.893799,
			"oxy_pri_storage": 24.231962,
			"oxy_sec_storage": 0.000000,
			"oxy_pri_pressure": 0.007292,
			"oxy_sec_pressure": 0.000000,
			"oxy_time_left": 2617,
			"heart_rate": 90.000000,
			"oxy_consumption": 0.098926,
			"co2_production": 0.096245,
			"suit_pressure_oxy": 3.072345,
			"suit_pressure_cO2": 2.109226,
			"suit_pressure_other": 11.554200,
			"suit_pressure_total": 16.735771,
			"fan_pri_rpm": 0.000000,
			"fan_sec_rpm": 30001.000000,
			"helmet_pressure_co2": 1.958364,
			"scrubber_a_co2_storage": 0.000000,
			"scrubber_b_co2_storage": 100.080620,
			"temperature": 84.134239,
			"coolant_ml": 22.034748,
			"coolant_gas_pressure": 58.956688,
			"coolant_liquid_pressure": 83.649208
		}
	}
}