
{
	"telemetry": {
		"eva_time": 4344,
		"eva1": {
			"batt_time_left": 5077.148926,
			"oxy_pri_storage": 23.755802,
			"oxy_sec_storage": 0.000000,
			"oxy_pri_pressure": 0.000000,
			"oxy_sec_pressure": 0.000000,
			"oxy_time_left": 2565,
			"heart_rate": 90.000000,
			"oxy_consumption": 0.103435,
			"co2_production": 0.101429,
			"suit_pressure_oxy": 3.072397,
			"suit_pressure_co2": 2.872197,
			"suit_pressure_other": 11.554200,
			"suit_pressure_total": 17.498795,
			"fan_pri_rpm": 0.000000,
			"fan_sec_rpm": 30001.000000,
			"helmet_pressure_co2": 2.649010,
			"scrubber_a_co2_storage": 0.000000,
			"scrubber_b_co2_storage": 100.095428,
			"temperature": 79.885178,
			"coolant_ml": 20.508068,
			"coolant_gas_pressure": 0.000000,
			"coolant_liquid_pressure": 126.022369
		},
		"eva2": {
			"batt_time_left": 3384.893799,
			"oxy_pri_storage": 24.231962,
			"oxy_sec_storage": 0.000000,
			"oxy_pri_pressure": 0.002314,
			"oxy_sec_pressure": 0.000000,
			"oxy_time_left": 2617,
			"heart_rate": 90.000000,
			"oxy_consumption": 0.097210,
			"co2_production": 0.095796,
			"suit_pressure_oxy": 3.072385,
			"suit_pressure_cO2": 2.872128,
			"suit_pressure_other": 11.554200,
			"suit_pressure_total": 17.498714,
			"fan_pri_rpm": 0.000000,
			"fan_sec_rpm": 30001.000000,
			"helmet_pressure_co2": 2.648667,
			"scrubber_a_co2_storage": 0.000000,
			"scrubber_b_co2_storage": 100.080620,
			"temperature": 71.804672,
			"coolant_ml": 22.034748,
			"coolant_gas_pressure": 0.000000,
			"coolant_liquid_pressure": 121.707527
		}
	}
}