
{
	"telemetry": {
		"eva_time": 13396,
		"eva1": {
			"batt_time_left": 5077.148926,
			"oxy_pri_storage": 23.755802,
			"oxy_sec_storage": 0.000000,
			"oxy_pri_pressure": 0.005807,
			"oxy_sec_pressure": 0.000000,
			"oxy_time_left": 2565,
			"heart_rate": 90.000000,
			"oxy_consumption": 0.100487,
			"co2_production": 0.103572,
			"suit_pressure_oxy": 3.072357,
			"suit_pressure_co2": 10.000395,
			"suit_pressure_other": 11.554200,
			"suit_pressure_total": 24.626953,
			"fan_pri_rpm": 0.000000,
			"fan_sec_rpm": 30001.000000,
			"helmet_pressure_co2": 9.098625,
			"scrubber_a_co2_storage": 0.000000,
			"scrubber_b_co2_storage": 100.095428,
			"temperature": 70.978531,
			"coolant_ml": 20.508068,
			"coolant_gas_pressure": 0.000000,
			"coolant_liquid_pressure": 111.971733
		},
		"eva2": {
			"batt_time_left": 3384.893799,
			"oxy_pri_storage": 24.231962,
			"oxy_sec_storage": 0.000000,
			"oxy_pri_pressure": 0.003322,
			"oxy_sec_pressure": 0.000000,
			"oxy_time_left": 2617,
			"heart_rate": 90.000000,
			"oxy_consumption": 0.097692,
			"co2_production": 0.098141,
			"suit_pressure_oxy": 3.072376,
			"suit_pressure_cO2": 10.000405,
			"suit_pressure_other": 11.554200,
			"suit_pressure_total": 24.626982,
			"fan_pri_rpm": 0.000000,
			"fan_sec_rpm": 30001.000000,
			"helmet_pressure_co2": 9.098609,
			"scrubber_a_co2_storage": 0.000000,
			"scrubber_b_co2_storage": 100.080612,
			"temperature": 77.720047,
			"coolant_ml": 22.034748,
			"coolant_gas_pressure": 0.000000,
			"coolant_liquid_pressure": 131.733963
		}
	}
}