
{
	"telemetry": {
		"eva_time": 1090,
		"eva1": {
			"batt_time_left": 5077.148926,
			"oxy_pri_storage": 23.755802,
			"oxy_sec_storage": 5.396936,
			"oxy_pri_pressure": 0.003618,
			"oxy_sec_pressure": 161.899704,
			"oxy_time_left": 3148,
			"heart_rate": 90.000000,
			"oxy_consumption": 0.099419,
			"co2_production": 0.098340,
			"suit_pressure_oxy": 3.072356,
			"suit_pressure_co2": 0.311705,
			"suit_pressure_other": 11.554200,
			"suit_pressure_total": 14.938262,
			"fan_pri_rpm": 0.000000,
			"fan_sec_rpm": 30001.000000,
			"helmet_pressure_co2": 0.329200,
			"scrubber_a_co2_storage": 0.000000,
			"scrubber_b_co2_storage": 100.095428,
			"temperature": 83.950439,
			"coolant_ml": 20.508068,
			"coolant_gas_pressure": 52.317837,
			"coolant_liquid_pressure": 80.117645
		},
		"eva2": {
			"batt_time_left": 3384.893799,
			"oxy_pri_storage": 24.231962,
			"oxy_sec_storage": 9.326543,
			"oxy_pri_pressure": 0.004292,
			"oxy_sec_pressure": 279.791290,
			"oxy_time_left": 3624,
			"heart_rate": 90.000000,
			"oxy_consumption": 0.104054,
			"co2_production": 0.100321,
			"suit_pressure_oxy": 3.072378,
			"suit_pressure_cO2": 0.311518,
			"suit_pressure_other": 11.554200,
			"suit_pressure_total": 14.938097,
			"fan_pri_rpm": 0.000000,
			"fan_sec_rpm": 30001.000000,
			"helmet_pressure_co2": 0.329014,
			"scrubber_a_co2_storage": 0.000000,
			"scrubber_b_co2_storage": 100.080612,
			"temperature": 68.534996,
			"coolant_ml": 22.034748,
			"coolant_gas_pressure": 0.000000,
			"coolant_liquid_pressure": 116.165489
		}
	}
}