
{
	"telemetry": {
		"eva_time": 1120,
		"eva1": {
			"batt_time_left": 5077.148926,
			"oxy_pri_storage": 23.755802,
			"oxy_sec_storage": 5.119159,
			"oxy_pri_pressure": 0.004179,
			"oxy_sec_pressure": 153.572525,
			"oxy_time_left": 3118,
			"heart_rate": 90.000000,
			"oxy_consumption": 0.105044,
			"co2_production": 0.101382,
			"suit_pressure_oxy": 3.072345,
			"suit_pressure_co2": 0.335081,
			"suit_pressure_other": 11.554200,
			"suit_pressure_total": 14.961626,
			"fan_pri_rpm": 0.000000,
			"fan_sec_rpm": 30001.000000,
			"helmet_pressure_co2": 0.350140,
			"scrubber_a_co2_storage": 0.000000,
			"scrubber_b_co2_storage": 100.095428,
			"temperature": 82.787048,
			"coolant_ml": 20.508068,
			"coolant_gas_pressure": 36.398907,
			"coolant_liquid_pressure": 94.201294
		},
		"eva2": {
			"batt_time_left": 3384.893799,
			"oxy_pri_storage": 24.231962,
			"oxy_sec_storage": 9.048765,
			"oxy_pri_pressure": 0.005250,
			"oxy_sec_pressure": 271.466827,
			"oxy_time_left": 3594,
			"heart_rate": 90.000000,
			"oxy_consumption": 0.100703,
			"co2_production": 0.097581,
			"suit_pressure_oxy": 3.072362,
			"suit_pressure_cO2": 0.335061,
			"suit_pressure_other": 11.554200,
			"suit_pressure_total": 14.961624,
			"fan_pri_rpm": 0.000000,
			"fan_sec_rpm": 30001.000000,
			"helmet_pressure_co2": 0.349637,
			"scrubber_a_co2_storage": 0.000000,
			"scrubber_b_co2_storage": 100.080612,
			"temperature": 70.976334,
			"coolant_ml": 22.034748,
			"coolant_gas_pressure": 0.000000,
			"coolant_liquid_pressure": 120.303505
		}
	}
}