
{
	"telemetry": {
		"eva_time": 1387,
		"eva1": {
			"batt_time_left": 5077.148926,
			"oxy_pri_storage": 23.755802,
			"oxy_sec_storage": 2.646936,
			"oxy_pri_pressure": 0.000000,
			"oxy_sec_pressure": 79.410912,
			"oxy_time_left": 2851,
			"heart_rate": 90.000000,
			"oxy_consumption": 0.092309,
			"co2_production": 0.094740,
			"suit_pressure_oxy": 3.072321,
			"suit_pressure_co2": 0.544819,
			"suit_pressure_other": 11.554200,
			"suit_pressure_total": 15.171341,
			"fan_pri_rpm": 0.000000,
			"fan_sec_rpm": 30001.000000,
			"helmet_pressure_co2": 0.541363,
			"scrubber_a_co2_storage": 0.000000,
			"scrubber_b_co2_storage": 100.095428,
			"temperature": 80.181755,
			"coolant_ml": 20.508068,
			"coolant_gas_pressure": 2.299024,
			"coolant_liquid_pressure": 124.191193
		},
		"eva2": {
			"batt_time_left": 3384.893799,
			"oxy_pri_storage": 24.231962,
			"oxy_sec_storage": 6.576542,
			"oxy_pri_pressure": 0.003686,
			"oxy_sec_pressure": 197.291885,
			"oxy_time_left": 3327,
			"heart_rate": 90.000000,
			"oxy_consumption": 0.094346,
			"co2_production": 0.103148,
			"suit_pressure_oxy": 3.072302,
			"suit_pressure_cO2": 0.544678,
			"suit_pressure_other": 11.554200,
			"suit_pressure_total": 15.171181,
			"fan_pri_rpm": 0.000000,
			"fan_sec_rpm": 30001.000000,
			"helmet_pressure_co2": 0.541792,
			"scrubber_a_co2_storage": 0.000000,
			"scrubber_b_co2_storage": 100.080620,
			"temperature": 67.927338,
			"coolant_ml": 22.034748,
			"coolant_gas_pressure": 0.000000,
			"coolant_liquid_pressure": 115.135521
		}
	}
}