
{
	"telemetry": {
		"eva_time": 2470,
		"eva1": {
			"batt_time_left": 5077.148926,
			"oxy_pri_storage": 23.755802,
			"oxy_sec_storage": 0.000000,
			"oxy_pri_pressure": 0.002046,
			"oxy_sec_pressure": 0.000000,
			"oxy_time_left": 2565,
			"heart_rate": 90.000000,
			"oxy_consumption": 0.106746,
			"co2_production": 0.103727,
			"suit_pressure_oxy": 3.072349,
			"suit_pressure_co2": 1.396672,
			"suit_pressure_other": 11.554200,
			"suit_pressure_total": 16.023220,
			"fan_pri_rpm": 0.000000,
			"fan_sec_rpm": 30001.000000,
			"helmet_pressure_co2": 1.313675,
			"scrubber_a_co2_storage": 0.000000,
			"scrubber_b_co2_storage": 100.095428,
			"temperature": 75.478439,
			"coolant_ml": 20.508068,
			"coolant_gas_pressure": 0.000000,
			"coolant_liquid_pressure": 119.070534
		},
		"eva2": {
			"batt_time_left": 3384.893799,
			"oxy_pri_storage": 24.231962,
			"oxy_sec_storage": 0.000000,
			"oxy_pri_pressure": 0.003816,
			"oxy_sec_pressure": 0.000000,
			"oxy_time_left": 2617,
			"heart_rate": 90.000000,
			"oxy_consumption": 0.103714,
			"co2_production": 0.097491,
			"suit_pressure_oxy": 3.072338,
			"suit_pressure_cO2": 1.396575,
			"suit_pressure_other": 11.554200,
			"suit_pressure_total": 16.023113,
			"fan_pri_rpm": 0.000000,
			"fan_sec_rpm": 30001.000000,
			"helmet_pressure_co2": 1.313050,
			"scrubber_a_co2_storage": 0.000000,
			"scrubber_b_co2_storage": 100.080612,
			"temperature": 74.362640,
			"coolant_ml": 22.034748,
			"coolant_gas_pressure": 0.000000,
			"coolant_liquid_pressure": 126.043228
		}
	}
}